[
  {
    "id": 1,
    "title": "Laptop Gaming",
    "description": "Laptop para juegos de alta gama",
    "code": "LAPTOP001",
    "price": 1500,
    "stock": 5,
    "category": "computers",
    "status": true
  },
  {
    "id": 2,
    "title": "Mouse Gamer",
    "description": "Mouse RGB para gaming",
    "code": "MOUSE002",
    "price": 80,
    "stock": 4,
    "category": "peripherals",
    "status": true
  },
  {
    "id": 3,
    "title": "Teclado Mecánico",
    "description": "Teclado mecánico switches blue",
    "code": "KEYBOARD003",
    "price": 120,
    "stock": 8,
    "category": "peripherals",
    "status": true
  },
  {
    "id": 4,
    "title": "Monitor 24''",
    "description": "Monitor Full HD 144Hz",
    "code": "MONITOR004",
    "price": 300,
    "stock": 6,
    "category": "monitors",
    "status": true
  }
]